<?xml version="1.0" encoding="UTF-8"?>
<!DOCTYPE mapper
        PUBLIC "-//mybatis.org//DTD Mapper 3.0//EN"
        "http://mybatis.org/dtd/mybatis-3-mapper.dtd">
<mapper namespace="com.green.mapper.AuthorMapper">
    <!-- 작가 목록 -->
    <select id="authorGetList" resultType="com.green.vo.AuthorVO">

        select  authorid, authorname
        from author
        <if test="keyword != null">
            where authorname like concat('%',#{keyword}, '%')
        </if>
        order by authorid desc
        limit #{skip}, #{amount}

    </select>

    <!-- 작가 등록 -->
    <insert id="authorEnroll">

        insert into author(authorName) values(#{authorName})

    </insert>
    <!-- 작가 수 -->
    <select id="authorGetTotal" resultType="int">

        select count(*) from author

        <if test="keyword != null">

            where authorname like concat('%', #{keyword}, '%');

        </if>

    </select>

    <!-- 작가 디테일 페이지 -->
    <select id="authorGetDetail" resultType="com.green.vo.AuthorVO">

        select * from author where authorid = #{authorId}

    </select>

    <!-- 작가 내용 수정 -->
    <update id="authorModify">

        update author set authorName=#{authorName} where authorId = #{authorId}

    </update>

    <!-- 작가 정보 삭제 -->
    <delete id="authorDelete">

        delete from author where authorId = #{authorId}

    </delete>
</mapper>