<?xml version="1.0" encoding="UTF-8"?>
<!DOCTYPE mapper
        PUBLIC "-//mybatis.org//DTD Mapper 3.0//EN"
        "http://mybatis.org/dtd/mybatis-3-mapper.dtd">
<mapper namespace="com.green.mapper.CartMapper">

    <!-- 카트 추가 -->
    <insert id="addCart">

        insert into product_cart(memberId, productId, productCount)
        values(#{memberId}, #{productId}, #{productCount})

    </insert>


    <!-- 카트 삭제 -->
    <delete id="deleteCart">

        delete from product_cart where cartId = #{cartId}

    </delete>

    <!-- 주문시 카트 삭제 -->
    <delete id="deleteOrderCart">

        delete from product_cart where cartId >= 0

    </delete>

    <!-- 카트 비우기 -->
    <delete id="deleteAllCart">

        delete from product_cart where memberId = #{memberId}

    </delete>

    <!-- 카트 수량 수정 -->
    <update id="modifyCount">

        update product_cart set productCount=#{productCount} where cartId = #{cartId}

    </update>


    <!-- 카트 목록 -->
    <select id="getCart" resultType="com.green.vo.CartVO">

        select a.cartId, a.memberId, a.productId, a.productCount, b.product_name, b.product_price, b.product_discount
        from product_cart a left outer join product b on a.productId = b.id
        where memberId = #{memberId}

    </select>

    <!-- 카트 확인 -->
    <select id="checkCart" resultType="com.green.vo.CartVO">

        select * from product_cart
        where memberId = #{memberId} and productId = #{productId}

    </select>

</mapper>

