<?xml version="1.0" encoding="UTF-8"?>
<beans xmlns="http://www.springframework.org/schema/beans" xmlns:xsi="http://www.w3.org/2001/XMLSchema-instance"
	xmlns:aop="http://www.springframework.org/schema/aop" xmlns:context="http://www.springframework.org/schema/context"
	xmlns:jdbc="http://www.springframework.org/schema/jdbc"
	xmlns:mybatis-spring="http://mybatis.org/schema/mybatis-spring" xsi:schemaLocation="http://www.springframework.org/schema/jdbc http://www.springframework.org/schema/jdbc/spring-jdbc-4.1.xsd
        http://mybatis.org/schema/mybatis-spring http://mybatis.org/schema/mybatis-spring-1.2.xsd
        http://www.springframework.org/schema/beans http://www.springframework.org/schema/beans/spring-beans.xsd
        http://www.springframework.org/schema/context http://www.springframework.org/schema/context/spring-context-4.1.xsd
        http://www.springframework.org/schema/aop http://www.springframework.org/schema/aop/spring-aop-4.1.xsd">


	<bean id="hikariConfig" class="com.zaxxer.hikari.HikariConfig">
		<!-- <property name="driverClassName" value="oracle.jdbc.driver.OracleDriver"></property>
			<property name="jdbcUrl" value="jdbc:oracle:thin:@localhost:1521:XE"></property> -->
		<property name="driverClassName" value="com.mysql.cj.jdbc.Driver" />
		<property name="jdbcUrl" value="jdbc:mysql://localhost:3306/ShoppingMall?serverTimezone=UTC" />
		<property name="username" value="root" />
		<property name="password" value="1234" />
	</bean>

	<!-- HikariCP configuration -->
	<bean id="dataSource" class="com.zaxxer.hikari.HikariDataSource" destroy-method="close">
		<constructor-arg ref="hikariConfig" />
	</bean>
	<!-- mybatis SqlSessionFactoryBean -->
	<bean id="sqlSessionFactory" class="org.mybatis.spring.SqlSessionFactoryBean">
		<property name="dataSource" ref="dataSource" />
	</bean>

	<mybatis-spring:scan base-package="com.green.mapper" />
	<context:component-scan base-package="com.green.vo"></context:component-scan>
	<context:component-scan base-package="com.green.service"></context:component-scan>


	<!--	<context:component-scan base-package="com.green.aop"></context:component-scan>-->
	<!--	<aop:aspectj-autoproxy></aop:aspectj-autoproxy>-->

	<!-- gmail설정 -->
	<bean id="mailSender2" class="org.springframework.mail.javamail.JavaMailSenderImpl">
		<property name="host" value="smtp.gmail.com" />
		<property name="port" value="587" />
		<property name="username" value="cando921019"/> <!-- 자신의 이메일 아이디 -->
		<property name="password" value="rnjsxotn1992"/> <!-- 자신의 비밀번호 -->
		<!-- 보안연결 TLS과 관련된 설정 -->
		<property name="javaMailProperties">
			<props>
				<prop key="mail.smtp.auth">true</prop>
				<prop key="mail.smtp.starttls.enable">true</prop>
				<prop key="mail.smtp.ssl.trust">smtp.gmail.com</prop>
				<prop key="mail.smtp.ssl.protocols">TLSv1.2</prop>
			</props>
		</property>
	</bean>

</beans>